wine_key,display_name,producer_key,group,varietal,region,vintage,format,is_red,body,sweetness,acidity,fourth,tasting_note,note_es,source_url,status
roederer estate brut,Roederer Estate Brut,roederer estate,sparkling,,"Anderson Valley, CA",,375 ml,FALSE,3,1,4,2,"The California estate of Champagne Louis Roederer, a Chardonnay-led brut with 10 to 15% oak-aged reserve wine for depth. Citrus, green apple, and fresh-baked bread ride a fine, persistent mousse to a dry, mineral finish.",,https://roedererestate.com/product/roederer-estate-brut-mv/,sourced
"josep masachs ""mas fi"" cava brut","Josep Masachs ""Mas Fi"" Cava Brut",josep masachs,sparkling,,Spain,,,FALSE,2,1,4,1,"Traditional-method Penedès cava from Xarel·lo, Macabeo, and Parellada, aged ten months on the lees. White flowers and citrus give way to pear, stone fruit, and a creamy, lightly toasty palate that finishes crisp and dry.",,https://www.winesellersltd.com/wine_asset/mas-fi-brut-cava/,sourced
contadi castaldi brut rosé,Contadi Castaldi Brut Rosé,contadi castaldi,sparkling,,"Franciacorta, Italy",,375 ml,FALSE,3,1,4,2,"A modern Franciacorta rosé of Chardonnay and Pinot Nero, part-aged in barrique for depth. Wild strawberry, rose petal, and orchard fruit lead a structured, crisp palate with a saline, almond-tinged finish.",,https://www.wine.com/product/contadi-castaldi-franciacorta-rose/591016,sourced
zardetto prosecco rosé extra dry,Zardetto Prosecco Rosé Extra Dry,zardetto,sparkling,,Italy,,,FALSE,2,2,4,1,"Glera with a splash of Pinot Noir in the Prosecco style, pale pink and fragrant. Golden apple, white peach, and small red berries ride lively bubbles, with an exuberant, faintly off-dry palate and refreshing acidity.",,https://usa.zardettoprosecco.com/wines/prosecco-rose-extra-dry/,sourced
le grand courtage blanc de blancs,Le Grand Courtage Blanc de Blancs,le grand courtage,sparkling,,France,,,FALSE,2,2,4,1,"A French sparkler blending Chardonnay, Chenin Blanc, Colombard, and Ugni Blanc into delicate bubbles. Green apple, honeysuckle, and toasted brioche meet a touch of Meyer lemon, balancing crisp acidity against a gentle hint of sweetness.",,https://legrandcourtage.com/shop/le-grand-courtage-blanc-de-blancs-brut-750ml/,sourced
lyre's classico,Lyre's Classico,lyre's,sparkling,,"0% Sparkling, Australia",,,FALSE,2,2,4,1,"A non-alcoholic sparkler in the Italian style, crafted to drink like the real thing. Fresh green apple, pear, and peach with a lift of lime and fine, chalky acidity, finishing clean, dry, and refreshing.",,https://lyres.com/products/classico-grande,sourced
squealing pig rosé,Squealing Pig Rosé,squealing pig,white,,"Sonoma, CA",'23,,FALSE,2,1,4,1,"A pale, playful Pinot Noir rosé built for easy sipping. Strawberry, raspberry, and watermelon with a twist of citrus and a whisper of orange blossom, finishing crisp, dry, and refreshing.",,https://www.squealingpig.com/our-wines/rose,sourced
campuget tradition blanc,Campuget Tradition Blanc,chateau de campuget,white,Roussanne + Grenache Blanc + Marsanne,France,'24,,FALSE,3,1,3,1,"A southern French white from the stony Costières de Nîmes, blending Roussanne and Grenache Blanc with no oak. White flowers, apple, and white peach over bright citrus and a clean, mineral, food-friendly finish.",,https://boulderwine.com/product/chateau-de-campuget-tradition-blanc-costieres-de-nimes-2021/,sourced
anjos vinho verde,Anjos Vinho Verde,anjos,white,Arinto + Loureiro + Trajadura,Portugal,'23,,FALSE,2,2,4,1,"A light, modern Vinho Verde from Arinto, Trajadura, and Loureiro, steel-fermented for freshness. Green apple, grapefruit, and white peach with the style's faint spritz and a brisk, just-off-dry finish.",,https://www.wineenthusiast.com/buying-guide/quinta-da-lixa-2023-anjos-de-portugal-white-vinho-verde/,sourced
sean minor sauvignon blanc,Sean Minor Sauvignon Blanc,sean minor,white,,California,'23,,FALSE,2,1,4,1,"Mostly steel-fermented with a touch of neutral oak for texture. Ruby grapefruit, citrus, and a hint of fresh herbs lead to melon, fig, and lime on a crisp, mouthwatering, dry finish.",,https://www.skurnik.com/sku/sauvignon-blanc-4b-california-sean-minor-2-2-2-2-2/,sourced
tiefenbrunner pinot grigio,Tiefenbrunner Pinot Grigio,tiefenbrunner,white,,Italy,'24,,FALSE,3,1,4,1,"A high-altitude Alto Adige Pinot Grigio, steel-fermented and rested on its lees for texture. Pear, apple, citrus, and white blossom with fresh, chalky minerality, fuller and more structured than most.",,https://www.winebow.com/our-brands/tiefenbrunner/tiefenbrunner-pinot-grigio/2025,sourced
de loach chardonnay,De Loach Chardonnay,de loach,white,,"Sonoma, CA",'24,,FALSE,4,1,3,3,"A Burgundian-minded California Chardonnay, mostly steel with a small portion barrel-aged. Pear, lemon curd, and ripe orchard fruit framed by a whisper of vanilla, staying creamy yet bright and balanced.",,https://www.wine.com/product/deloach-heritage-reserve-chardonnay-2018/542513,sourced
nacina off-dry riesling,Nacina Off-Dry Riesling,nacina,white,,"Tondre Vineyard, Santa Lucia Highlands, Monterey, CA",'15,,FALSE,2,3,4,1,"An off-dry Santa Lucia Highlands Riesling from the Tondré Grapefield. Melon, honey, and ripe grapefruit with apricot and pear, the gentle sweetness held in check by fresh, lively acidity and a long finish.",,https://risingstarwine.com/portfolio-item/nacina/,sourced
pine ridge chenin blanc + viognier,Pine Ridge Chenin Blanc + Viognier,pine ridge,white,,"Napa, CA",'24,,FALSE,3,2,4,1,"A cult California blend of mostly Chenin Blanc with a splash of Viognier, all steel. Honeysuckle, white peach, and citrus with a touch of ginger spice, lightly off-dry but kept crisp and lively.",,https://www.pineridgevineyards.com/wine/chenin-blanc-viognier/,sourced
m. chapoutier belleruche blanc,M. Chapoutier Belleruche Blanc,m. chapoutier,white,,"Côtes du Rhône, France",'24,,FALSE,3,1,3,1,"A rounded southern Rhône white from Grenache Blanc, Roussanne, and Viognier. Apricot, white flowers, and peach with a hint of fennel and almond, fresh and supple over a stony, mineral finish.",,https://www.foliowine.com/wine/m-chapoutier-belleruche-blanc/,sourced
bernardus sauvignon blanc,Bernardus Sauvignon Blanc,bernardus,white,,"Arroyo Seco, CA",'23,,FALSE,2,1,5,1,"From the cobbled riverbeds of Arroyo Seco in Monterey, a crisp, Loire-leaning Sauvignon Blanc. Grapefruit, gooseberry, and lime with a snap of fresh herbs and a stony, almost saline minerality on a bright, dry finish.",,https://www.wineenthusiast.com/buying-guide/bernardus-2023-griva-vineyard-sauvignon-blanc-arroyo-seco/,sourced
seghesio chardonnay,Seghesio Chardonnay,seghesio,white,,"Monterey, CA",'23,,FALSE,4,1,3,2,"A California Chardonnay from the historic Seghesio family, with a small splash of estate Vermentino for lift. Lemon curd, pear, and white peach with just a kiss of oak, creamy in the middle but kept fresh by bright acidity. NOTE: tri-county blend (Sonoma/Monterey/SLO), about 95% Chardonnay with 5% estate Vermentino; menu lists Monterey only.",,https://www.seghesio.com/wine/seghesio-chardonnay/,sourced
trefethen chardonnay,Trefethen Chardonnay,trefethen,white,,"Oak Knoll, Napa, CA",'23,,FALSE,4,1,4,3,"From the cool Oak Knoll district, an estate-grown Chardonnay known for elegance and bright acidity. Apple, pear, and citrus with a light floral lift and just a frame of toasted oak, barrel-fermented but restrained and notably fresh.",,https://www.wine.com/product/trefethen-estate-chardonnay-2022/1982464,sourced
"zaca mesa ""cushion block"" viognier","Zaca Mesa ""Cushion Block"" Viognier",zaca mesa,white,,"Santa Ynez Valley, CA",'21,,FALSE,3,1,3,1,"An estate Viognier from a Santa Ynez Rhône pioneer, with vines planted in 1997. White flowers, nectarine, and orange blossom with peach and honeysuckle, medium-bodied and aromatic but kept dry and refreshing by lively acidity. NOTE: menu prints 'Cushion Block'; producer labels this bottling 'Cushman Block'.",,https://www.zacamesa.com/wp-content/uploads/2021/04/Viognier-Server-Card_2021-Digital.pdf,sourced
neyers chardonnay,Neyers Chardonnay,neyers,white,,"Carneros District, Sonoma, CA",'21,,FALSE,5,1,3,5,"A rich, Burgundian-style Carneros Chardonnay, barrel-fermented in French oak with wild yeast and full malolactic. Golden apple, pear, and citrus layered with hazelnut, butterscotch, and toasted oak, lush and full yet carried by bright acidity.",,https://www.wine.com/product/neyers-carneros-chardonnay-2021/2187871,sourced
tornatore etna bianco carricante,Tornatore Etna Bianco Carricante,tornatore,white,,"Sicily, Italy",'23,,FALSE,2,1,5,1,"A volcanic Carricante grown high on Mount Etna and raised in concrete, never oak. White peach, Meyer lemon, and pear with white flowers and a striking saline, stony minerality, taut and bright through a long, savory finish.",,https://www.wine.com/product/tornatore-etna-bianco-2018/535033,sourced
livio felluga pinot grigio,Livio Felluga Pinot Grigio,livio felluga,white,,Italy,'22,,FALSE,3,1,4,1,"A benchmark Friulian Pinot Grigio from the marl hills of Colli Orientali, rested on its lees for depth. White peach, pear, and melon with floral and savory notes, fuller and more complex than most, fresh and mineral on a long finish.",,https://mmdusa.net/portfolio/livio-felluga/pinot-grigio-doc,sourced
flowers chardonnay,Flowers Chardonnay,flowers,white,,"Sonoma, CA",'23,,FALSE,3,1,4,3,"A cool, coastal Sonoma Chardonnay in a restrained, Burgundian style, barrel-fermented with a light touch of new oak. Lemon, green apple, and white flowers over a saline, chalky minerality, medium-bodied with firm, linear acidity.",,https://www.wine.com/product/flowers-sonoma-coast-chardonnay-2023/2121706,sourced
rochioli sauvignon blanc,Rochioli Sauvignon Blanc,rochioli,white,,"Russian River, Sonoma, CA",'25,,FALSE,3,1,5,1,"From old Russian River vines first planted in 1959, a benchmark California Sauvignon Blanc, mostly steel-fermented. Grapefruit, passion fruit, and melon with gooseberry and a chalky minerality, rich yet racy with a long, mouthwatering finish.",,https://www.wine.com/product/rochioli-estate-sauvignon-blanc-2020/775610,sourced
dow vale do bomfim,Dow Vale do Bomfim,dow,red,Touriga Nacional + Tinta Roriz + Touriga Franca,Portugal,'20,,TRUE,4,1,3,3,"A dry Douro red from the Symington family behind Dow's Port, built on the great Port grapes led by Touriga Nacional and aged briefly in oak. Blackberry and blackcurrant with licorice, pepper, and spice, full and dry with firm but approachable tannins and balancing acidity.",,https://www.reversewinesnob.com/vale-do-bomfim-douro-red/,sourced
venta morales tempranillo,Venta Morales Tempranillo,venta morales,red,,Spain,'23,,TRUE,3,1,4,3,"An unoaked, organically farmed Tempranillo from the high plains of La Mancha, fermented in steel to keep the fruit fresh. Cherry, raspberry, and plum with floral and spice notes, lively and medium-bodied with marked but easy tannins and bright acidity.",,https://www.wine.com/product/bodegas-volver-venta-morales-organic-tempranillo-2022/1774818,sourced
llama malbec,Llama Malbec,llama,red,,Argentina,'22,,TRUE,4,1,3,3,"An old-vine Malbec from Agrelo in Luján de Cuyo, high in the Andes foothills, with a light touch of oak. Cherry, blackberry, and plum with violet and a toasty hint, warm and rounded with a creamy texture and supple, well-built tannins.",,https://www.wine.com/product/belasco-de-baquedano-llama-old-vine-malbec-2022/2437076,sourced
les abeilles côtes du rhône,Les Abeilles Côtes du Rhône,les abeilles,red,Grenache + Syrah + Mourvèdre,France,'23,,TRUE,3,1,3,2,"A classic southern Rhône GSM blend (Grenache, Syrah, Mourvèdre), largely unoaked to keep the fruit bright. Juicy blackberry, raspberry, and cherry with violet, licorice, and a touch of garrigue, medium-bodied, fresh, and silky with soft tannins. NOTE: the widely sold 'Les Abeilles' Côtes du Rhône is Jean-Luc Colombo's GSM; menu source attribution referenced J. Boutin, so confirm producer.",,https://www.wine.com/product/jean-luc-colombo-cotes-du-rhone-les-abeilles-2022/3425813,sourced
seghesio family vineyards zinfandel,Seghesio Family Vineyards Zinfandel,seghesio,red,,"Healdsburg, Sonoma, CA",'23,,TRUE,4,1,3,3,"The benchmark Sonoma County Zinfandel from a family growing the grape since 1895. Black raspberry, plum, and blackberry with black pepper, anise, and sweet spice over a frame of oak, bold and richly fruited yet balanced, with supple, dusty tannins and a dry finish.",,https://www.seghesio.com/wine/sonoma-zinfandel/,sourced
blackboard by matthews cabernet,Blackboard by Matthews Cabernet,blackboard,red,,"Columbia Valley, WA",'21,,TRUE,4,1,3,3,"A Columbia Valley Cabernet from Matthews of Woodinville, rounded out with Merlot and a touch of new oak. Blackberry, black currant, and plum with cocoa, vanilla, and sweet spice, full-bodied and polished with supple, well-integrated tannins.",,https://www.wine.com/product/matthews-winery-blackboard-cabernet-sauvignon-2020/1526547,sourced
château rocher-calon saint-émilion,Château Rocher-Calon Saint-Émilion,chateau rocher-calon,red,Merlot,"Bordeaux, France",'21,,TRUE,4,1,3,3,"A Merlot-dominant right-bank Bordeaux from Montagne-Saint-Émilion, raised in vat to keep the fruit pure. Blackberry, cherry, and cassis with cedar, tobacco, and a touch of chocolate, full-bodied and savory with ripe, velvety tannins and a fresh finish.",,https://www.farehamwinecellar.co.uk/product/chateau-rocher-calon-montagne-st-emilion/,sourced
j vineyards pinot noir,J Vineyards Pinot Noir,j vineyards,red,,"Sonoma, CA",'22,,TRUE,3,1,3,2,"A classic Russian River Valley Pinot Noir, smooth and fruit-forward with just a touch of oak. Cherry, raspberry, and cranberry with cola, rose petal, and a hint of clove, bright and silky with round, soft tannins.",,https://www.jwine.com/product/2022-russian-river-valley-pinot-noir/,sourced
sense of place pinot noir,Sense of Place Pinot Noir,sense of place,red,,"Coastal Cuvée, Monterey, CA",'24,,TRUE,2,1,4,2,"A small-lot, terroir-driven Pinot Noir from the cool Monterey coast. Red cherry, pomegranate, and cranberry with floral, orange-peel, and dried-herb notes, light-bodied and bright with fine, gently firm tannins.",,https://www.wineenthusiast.com/buying-guide/sense-of-place-2015-coastal-cuvee-pinot-noir-monterey-county/,sourced
tornatore etna rosso,Tornatore Etna Rosso,tornatore,red,Nerello Mascalese + Nerello Cappuccio,"Sicily, Italy",'22,,TRUE,2,1,4,3,"A volcanic Sicilian red from Nerello Mascalese grown high on Mount Etna, raised in concrete and large oak. Red cherry, strawberry, and raspberry with Mediterranean herbs, white pepper, and a stony minerality, light-bodied and elegant with bright acidity and fine, gently grippy tannins.",,https://www.npwines.com/products/tornatore-etna-rosso-doc,sourced
cotière pinot noir,Cotière Pinot Noir,cotiere,red,,"Santa Barbara, CA",'23,,TRUE,2,1,4,2,"A small-lot, cool-climate Pinot Noir from Santa Barbara County, light in color and built for finesse. Cranberry, pomegranate, and red cherry with cola, dried herbs, and a floral, spicy lift, light-bodied and energetic with bright acidity and fine, gentle tannins.",,https://www.wineenthusiast.com/buying-guide/cotiere-2022-pinot-noir-santa-maria-valley/,sourced
michele satta super tuscan,Michele Satta Super Tuscan,michele satta,red,Sangiovese,"Tuscany, Italy",'23,,TRUE,4,1,3,3,"A coastal Tuscan red from Bolgheri, led by Sangiovese and Cabernet with Merlot and Syrah. Red and black cherry, currant, and raspberry with leather, tobacco, and spice, medium to full-bodied and harmonious with fresh acidity and supple tannins. NOTE: this is a multi-grape Bolgheri Rosso (roughly 30% Sangiovese, 30% Cabernet, plus Merlot and Syrah), not a Sangiovese varietal.",,https://www.wine.com/product/michele-satta-bolgheri-rosso-2021/1301830,sourced
leviathan cabernet blend,Leviathan Cabernet Blend,leviathan,red,,California,'22,,TRUE,5,1,3,4,"A bold California red blend from acclaimed winemaker Andy Erickson, built on mountain Cabernet Sauvignon with Syrah, Merlot, and Cabernet Franc. Blackberry, cassis, and dark cherry with chocolate, leather, and savory spice, full-bodied and plush with ripe, fine-grained tannins.",,https://www.wine.com/product/leviathan-2022/2436409,sourced
cristia châteauneuf-du-pape,Cristia Châteauneuf-du-Pape,cristia,red,Grenache + Syrah,France,'23,,TRUE,4,1,3,3,"A classic Châteauneuf-du-Pape built on old-vine Grenache with Syrah and Mourvèdre, organically farmed. Black cherry, blackberry, and fig with garrigue, pepper, and sweet spice, full-bodied and rich yet elegant, with ripe, plush tannins and good acidity.",,https://nyc.flatiron-wines.com/products/domaine-de-cristia-chateauneuf-du-pape-classic-2022-750ml,sourced
louis latour pinot noir,Louis Latour Pinot Noir,louis latour,red,,"Burgundy, France",'22,,TRUE,2,1,4,2,"A classic regional red Burgundy from a venerable Beaune house, light and food-friendly with judicious oak. Cherry, raspberry, and red currant with forest floor, mushroom, and a touch of spice, light-bodied and silky with brisk acidity and gentle tannins.",,https://www.louislatour.com/pdf/en/bourgogne-pinot-noir-105.pdf,sourced
jordan cabernet sauvignon,Jordan Cabernet Sauvignon,jordan,red,,"Sonoma, CA",'20,,TRUE,4,1,3,4,"An elegant, Bordeaux-styled Alexander Valley Cabernet, aged in French oak with the fruit and acidity kept front and center. Black cherry, cassis, and blackberry with graphite, cedar, and dried herbs, medium to full-bodied and polished with fine-grained, silky tannins.",,https://www.wine.com/product/jordan-cabernet-sauvignon-2019/1543738,sourced
robert hall cabernet sauvignon,Robert Hall Cabernet Sauvignon,robert hall,red,,"Paso Robles, CA",,,TRUE,4,1,3,3,"A bold, ripe Paso Robles Cabernet with plush dark fruit and moderate oak. Black currant, blackberry, and dark cherry with cedar, cocoa, and sweet spice, full-bodied and flavorful with balanced, velvety tannins and a long finish.",,https://www.roberthallwinery.com/product/2022-Cabernet-Sauviginon,sourced
clos du val sauvignon blanc,Clos du Val Sauvignon Blanc,clos du val,half,,"Napa Valley, CA",'24,375 ml,FALSE,2,1,4,1,"A crisp, dry Napa Sauvignon Blanc from one of the valley's founding estates, made for freshness. Grapefruit, lime, and white peach with a green herbal lift and a clean, zesty finish that stays bright at the table.",,https://www.closduval.com/,sourced
markham merlot,Markham Merlot,markham,half,,"Napa Valley, CA",'20,375 ml,TRUE,4,1,3,3,"Napa's flagship from a winery that has long championed Merlot, ripe and polished with a Cabernet lover's structure. Plum, black cherry, and raspberry with cedar, toffee, and milk chocolate from oak, full and round with soft, velvety tannins.",,https://markhamvineyards.com/,sourced
j. lohr cabernet,J. Lohr Cabernet,j. lohr,half,,"Hilltop Vineyard, Monterey, CA",'22,375 ml,TRUE,4,1,3,3,"One of Paso Robles' best-known Cabernets, from high-elevation vineyards and aged about sixteen months in French oak. Blackberry, black currant, and dark cherry with violet, cracked pepper, and a pastry-crust note, dense and plush with fine-grained tannins.",,https://www.jlohr.com/wines/2022-hilltop-cabernet-sauvignon,sourced
domaine vocoret & fils chablis,Domaine Vocoret & Fils Chablis,domaine vocoret,half,,France,'21,375 ml,FALSE,3,1,5,1,"A textbook Chablis from a family domaine on the region's Kimmeridgian limestone, all Chardonnay and built on cool-climate purity. Lemon, green apple, and pear with a flinty, chalky minerality and a steely, bright acidity that finishes clean.",,https://www.bighammerwines.com/products/2022-domaine-vocoret-fils-chablis,sourced
bernardus pinot noir,Bernardus Pinot Noir,bernardus,half,,"Santa Lucia Highlands, Monterey, CA",'22,375 ml,TRUE,3,1,4,2,"A Santa Lucia Highlands Pinot Noir from Carmel Valley's Bernardus, grown in one of California's cooler, wind-swept Pinot sites. Ripe red cherry and raspberry with baking spice and a savory edge, medium-bodied and silky with bright acidity and gentle tannins.",,https://www.bernardus.com/,sourced
domaine du vieux lazaret châteauneuf-du-pape,Domaine du Vieux Lazaret Châteauneuf-du-Pape,domaine du vieux lazaret,half,Grenache blend,France,'22,375 ml,TRUE,4,1,3,3,"A Grenache-led Châteauneuf-du-Pape from one of the appellation's oldest and largest estates, blended with Syrah, Mourvèdre, and the traditional varieties. Ripe black cherry and raspberry with garrigue, sweet spice, and a touch of leather, full and warm with smooth, fine-grained tannins.",,https://m.famillequiot.com/,sourced
felsina chianti classico riserva,Felsina Chianti Classico Riserva,felsina,half,Sangiovese,Italy,'21,375 ml,TRUE,4,1,4,4,"A pure Sangiovese from a benchmark estate in Castelnuovo Berardenga, aged in large Slavonian oak. Wild cherry, plum, and pomegranate with leather, tobacco, and dried herbs, elegant and structured with firm, fine-grained tannins and bright, food-loving acidity.",,https://www.wine.com/product/felsina-berardenga-chianti-classico-riserva-2020/1515695,sourced
château paveil de luze margaux,Château Paveil de Luze Margaux,chateau paveil de luze,half,Cabernet + Merlot,"Bordeaux, France",'18,375 ml,TRUE,4,1,3,3,"A classic Margaux from a family estate prized for finesse, blending Cabernet Sauvignon with Merlot and aged in French oak. Black raspberry, cassis, and dark cherry with cedar, violet, and a graphite-tinged earthiness, medium-bodied and elegant with ripe, fine-grained tannins.",,https://www.thewinecellarinsider.com/bordeaux-wine-producer-profiles/bordeaux/margaux/chateau-paveil-de-luze-margaux-bordeaux-wine/,sourced
bernardus cabernet sauvignon,Bernardus Cabernet Sauvignon,bernardus,large,,"Monterey, CA",'19,1.5 L Magnum,TRUE,4,1,4,3,"A Carmel Valley Cabernet from Bernardus, mostly Cabernet with a touch of Merlot and rested in neutral French oak to keep the fruit forward. Black cherry, plum, and cassis with a hint of tobacco and spice, rich yet fresh with soft, ripe tannins and a dry finish.",,https://www.bernardus.com/,sourced
orma toscana,Orma Toscana,orma,large,,Italy,'16,1.5 L Magnum,TRUE,5,1,3,4,"A flagship Super Tuscan from a tiny Bolgheri estate between Ornellaia and Sassicaia, blending Merlot, Cabernet Sauvignon, and Cabernet Franc in barrique. Black cherry, plum, and currant with cocoa, tobacco, and Mediterranean herbs, full and dense with velvety tannins and a long finish.",,https://www.ormabolgheri.it/en/wines/,sourced
"yalumba ""antique"" muscat","Yalumba ""Antique"" Muscat",yalumba,dessert,,Australia,,,FALSE,5,5,3,5,"A lusciously sweet fortified Muscat in the Rutherglen style, from super-ripe raisined fruit aged many years in old oak. Deep amber and viscous, with raisin, fig, and date layered with caramel, toffee, orange peel, and spice, the sweetness held in balance by a lift of acidity.",,https://www.winebow.com/our-brands/yalumba/yalumba-museum-antique-muscat/nv,sourced
graham's tawny port,Graham's Tawny Port,graham's,dessert,,10 Year,,,TRUE,4,4,3,4,"A cask-aged ten-year tawny from one of the great port houses, mellowed in wood to a deep amber. Dried fig, date, and apricot mingle with toasted almond, caramel, and honey, rich and silky across a long, gently spiced finish.",,https://www.grahams-port.com/,sourced
dow's reserve tawny port,Dow's Reserve Tawny Port,dow's,dessert,,Portugal,,,TRUE,4,4,3,3,"From a house known for its drier, firmer style, a young reserve port deep in color and full of fruit. Red and black berry with a peppery, lightly nutty edge, full-bodied and gently sweet with Dow's signature dry finish.",,https://www.dows-port.com/,sourced
sandeman founders reserve ruby port,Sandeman Founders Reserve Ruby Port,sandeman,dessert,,Portugal,,,TRUE,4,4,3,4,"A reserve ruby built from the finest lots and aged about five years in cask, deep ruby and fruit-forward. Ripe plum, blackberry, and dark cherry with caramel and a touch of spice, full and sweet with soft tannins and a warm, lingering finish.",,https://www.sandeman.com/port-wine/ruby/porto-founders-reserve-2020/,sourced
heinz eifel beerenauslese,Heinz Eifel Beerenauslese,heinz eifel,dessert,Silvaner (Beerenauslese),Germany,'18,,FALSE,3,5,4,4,"A lusciously sweet German Beerenauslese from Rheinhessen, made from individually selected, noble-rot Silvaner berries. Honeyed apricot, candied citrus, and dried peach are intensely concentrated yet lifted, the low alcohol and bright acidity keeping it fresh rather than heavy.",,https://www.winesellersltd.com/wine_asset/heinz-eifel-beerenauslese/,sourced
"toro albalá ""don px"" sherry","Toro Albalá ""Don PX"" Sherry",toro albala,dessert,,Pedro Ximénez,'99,,FALSE,5,5,3,5,"Legendary Montilla Pedro Ximénez, sun-dried to a near-black, syrupy intensity. Fig, date, raisin, molasses, and coffee, almost a dessert in itself, with just enough acidity to keep it from cloying.",,,estimate
normandin-mercier pineau des charentes blanc,Normandin-Mercier Pineau des Charentes Blanc,normandin-mercier,dessert,,France,,,FALSE,3,4,4,2,"A Charentais aperitif from a respected Cognac house, fresh Ugni Blanc must blended with young Cognac and aged in oak. Honey, apricot, and golden raisin with peach, quince, and a touch of almond, full and gently sweet with a bright, citrusy lift on the finish.",,https://vosselections.com/product/normandin-mercier-pineau-de-charentes-blanc/,sourced
normandin-mercier pineau des charentes rouge,Normandin-Mercier Pineau des Charentes Rouge,normandin-mercier,dessert,,France,,,TRUE,3,4,3,2,"A red Charentais aperitif, fresh grape must blended with young Cognac and rested in oak. Blackberry, dried cherry, and cherry-pit fruit with a faint herbal edge, soft and lightly sweet, lovely served chilled before or after the meal.",,https://vosselections.com/product/normandin-mercier-pineau-des-charentes-rouge/,sourced
blandy's malmsey madeira,Blandy's Malmsey Madeira,blandy's,dessert,,10 Year Old,,,FALSE,4,5,4,5,"The sweetest, richest style of Madeira, made from the Malmsey grape and aged a decade by the island's canteiro method. Fig, raisin, and orange marmalade with toffee, burnt sugar, and roasted nuts, viscous and lush yet kept lively by Madeira's signature racy acidity.",,https://blandys.com/en/product/malmsey-3/,sourced
